--
-- Script was generated by Devart dbForge Studio for MySQL, Version 7.1.31.0
-- Product home page: http://www.devart.com/dbforge/mysql/studio
-- Script date 19-Dec-17 2:09:04 PM
-- Server version: 5.6.22-log
-- Client version: 4.1
--


-- 
-- Disable foreign keys
-- 
/*!40014 SET @OLD_FOREIGN_KEY_CHECKS=@@FOREIGN_KEY_CHECKS, FOREIGN_KEY_CHECKS=0 */;

-- 
-- Set SQL mode
-- 
/*!40101 SET @OLD_SQL_MODE=@@SQL_MODE, SQL_MODE='NO_AUTO_VALUE_ON_ZERO' */;

-- 
-- Set character set the client will use to send SQL statements to the server
--
SET NAMES 'utf8';

-- 
-- Set default database
--
USE project;

--
-- Definition for table admin
--
DROP TABLE IF EXISTS admin;
CREATE TABLE admin (
  admin_id INT(11) NOT NULL AUTO_INCREMENT,
  name VARCHAR(30) NOT NULL,
  email VARCHAR(30) NOT NULL,
  passwd VARCHAR(60) NOT NULL,
  phone VARCHAR(30) DEFAULT NULL,
  owner VARCHAR(30) DEFAULT NULL,
  PRIMARY KEY (admin_id)
)
ENGINE = INNODB
AUTO_INCREMENT = 5
AVG_ROW_LENGTH = 4096
CHARACTER SET utf8
COLLATE utf8_general_ci;

--
-- Definition for table district
--
DROP TABLE IF EXISTS district;
CREATE TABLE district (
  id INT(11) DEFAULT NULL,
  name VARCHAR(50) DEFAULT NULL,
  UNIQUE INDEX UK_district_id (id)
)
ENGINE = INNODB
AVG_ROW_LENGTH = 4096
CHARACTER SET utf8
COLLATE utf8_general_ci;

--
-- Definition for table doctor
--
DROP TABLE IF EXISTS doctor;
CREATE TABLE doctor (
  doctor_id INT(11) NOT NULL AUTO_INCREMENT,
  name VARCHAR(50) NOT NULL,
  speciality VARCHAR(255) NOT NULL,
  qualification TEXT NOT NULL,
  pic VARCHAR(255) DEFAULT NULL,
  gender VARCHAR(255) DEFAULT NULL,
  contact VARCHAR(255) DEFAULT NULL,
  fee VARCHAR(255) DEFAULT NULL,
  PRIMARY KEY (doctor_id),
  UNIQUE INDEX UK_doctor_doctor_id (doctor_id)
)
ENGINE = INNODB
AUTO_INCREMENT = 15
AVG_ROW_LENGTH = 1260
CHARACTER SET utf8
COLLATE utf8_general_ci;

--
-- Definition for table user
--
DROP TABLE IF EXISTS user;
CREATE TABLE user (
  userid INT(11) NOT NULL AUTO_INCREMENT,
  first_name VARCHAR(25) NOT NULL,
  last_name VARCHAR(25) NOT NULL,
  email VARCHAR(30) NOT NULL,
  cell VARCHAR(30) NOT NULL,
  passwd VARCHAR(250) NOT NULL,
  pic VARCHAR(100) DEFAULT NULL,
  PRIMARY KEY (userid)
)
ENGINE = INNODB
AUTO_INCREMENT = 38
AVG_ROW_LENGTH = 1820
CHARACTER SET utf8
COLLATE utf8_general_ci;

--
-- Definition for table blood_bank
--
DROP TABLE IF EXISTS blood_bank;
CREATE TABLE blood_bank (
  blood_bank_id INT(11) NOT NULL AUTO_INCREMENT,
  admin_id INT(11) NOT NULL,
  name VARCHAR(100) NOT NULL,
  address VARCHAR(255) DEFAULT NULL,
  phone VARCHAR(255) DEFAULT NULL,
  email VARCHAR(50) DEFAULT NULL,
  `A+` SMALLINT(6) DEFAULT NULL,
  `B+` SMALLINT(6) DEFAULT NULL,
  `AB+` SMALLINT(6) DEFAULT NULL,
  `O+` SMALLINT(6) DEFAULT NULL,
  `A-` SMALLINT(6) DEFAULT NULL,
  `B-` SMALLINT(6) DEFAULT NULL,
  `AB-` SMALLINT(6) DEFAULT NULL,
  `O-` SMALLINT(6) DEFAULT NULL,
  PRIMARY KEY (blood_bank_id),
  CONSTRAINT FK_blood_bank_admin_admin_id FOREIGN KEY (admin_id)
    REFERENCES admin(admin_id) ON DELETE RESTRICT ON UPDATE RESTRICT
)
ENGINE = INNODB
AUTO_INCREMENT = 3
AVG_ROW_LENGTH = 8192
CHARACTER SET utf8
COLLATE utf8_general_ci;

--
-- Definition for table donor
--
DROP TABLE IF EXISTS donor;
CREATE TABLE donor (
  donor_id INT(11) NOT NULL AUTO_INCREMENT,
  userid INT(11) NOT NULL DEFAULT 0,
  date_of_birth VARCHAR(30) NOT NULL,
  blood_group VARCHAR(10) NOT NULL,
  district VARCHAR(50) DEFAULT NULL,
  last_donated DATE DEFAULT NULL,
  area VARCHAR(255) DEFAULT NULL,
  lat FLOAT(10, 6) DEFAULT NULL,
  lng FLOAT(10, 6) DEFAULT NULL,
  PRIMARY KEY (donor_id),
  CONSTRAINT FK_donor_user_userid FOREIGN KEY (userid)
    REFERENCES user(userid) ON DELETE RESTRICT ON UPDATE RESTRICT
)
ENGINE = INNODB
AUTO_INCREMENT = 11
AVG_ROW_LENGTH = 2730
CHARACTER SET utf8
COLLATE utf8_general_ci;

--
-- Definition for table hospital
--
DROP TABLE IF EXISTS hospital;
CREATE TABLE hospital (
  hospital_id INT(11) NOT NULL AUTO_INCREMENT,
  admin_id INT(11) NOT NULL,
  name VARCHAR(100) NOT NULL,
  address VARCHAR(255) NOT NULL,
  speciality VARCHAR(255) NOT NULL,
  description TEXT NOT NULL,
  phone VARCHAR(255) DEFAULT NULL,
  emergency VARCHAR(255) DEFAULT NULL,
  fax VARCHAR(255) DEFAULT NULL,
  email VARCHAR(50) DEFAULT NULL,
  lat FLOAT(10, 6) DEFAULT NULL,
  lng FLOAT(10, 6) DEFAULT NULL,
  PRIMARY KEY (hospital_id),
  CONSTRAINT FK_hospital_admin_admin_id FOREIGN KEY (admin_id)
    REFERENCES admin(admin_id) ON DELETE RESTRICT ON UPDATE RESTRICT
)
ENGINE = INNODB
AUTO_INCREMENT = 3
AVG_ROW_LENGTH = 8192
CHARACTER SET utf8
COLLATE utf8_general_ci;

--
-- Definition for table subdistrict_thana
--
DROP TABLE IF EXISTS subdistrict_thana;
CREATE TABLE subdistrict_thana (
  id INT(11) DEFAULT NULL,
  sub_thana VARCHAR(255) DEFAULT NULL,
  CONSTRAINT FK_subdistrict_thana_district_id FOREIGN KEY (id)
    REFERENCES district(id) ON DELETE RESTRICT ON UPDATE RESTRICT
)
ENGINE = INNODB
AVG_ROW_LENGTH = 2730
CHARACTER SET utf8
COLLATE utf8_general_ci;

--
-- Definition for table booking
--
DROP TABLE IF EXISTS booking;
CREATE TABLE booking (
  booking_id INT(11) NOT NULL AUTO_INCREMENT,
  userid INT(11) NOT NULL,
  hospital_id INT(11) NOT NULL,
  patient_name VARCHAR(50) DEFAULT NULL,
  age VARCHAR(20) DEFAULT NULL,
  category VARCHAR(50) NOT NULL,
  contact VARCHAR(20) DEFAULT NULL,
  time_of_booking TIMESTAMP NULL DEFAULT NULL,
  reason_of_booking VARCHAR(255) DEFAULT NULL,
  status VARCHAR(50) DEFAULT NULL,
  PRIMARY KEY (booking_id),
  INDEX FK_booking_hospitals_room_room_id (category),
  CONSTRAINT FK_booking_hospital_hospital_id FOREIGN KEY (hospital_id)
    REFERENCES hospital(hospital_id) ON DELETE RESTRICT ON UPDATE RESTRICT,
  CONSTRAINT FK_booking_user_userid FOREIGN KEY (userid)
    REFERENCES user(userid) ON DELETE RESTRICT ON UPDATE RESTRICT
)
ENGINE = INNODB
AUTO_INCREMENT = 7
AVG_ROW_LENGTH = 4096
CHARACTER SET utf8
COLLATE utf8_general_ci;

--
-- Definition for table event
--
DROP TABLE IF EXISTS event;
CREATE TABLE event (
  event_id INT(11) NOT NULL AUTO_INCREMENT,
  blood_bank_id INT(11) NOT NULL,
  time VARCHAR(255) NOT NULL,
  description VARCHAR(255) NOT NULL,
  banner VARCHAR(255) DEFAULT NULL,
  PRIMARY KEY (event_id),
  CONSTRAINT FK_event_blood_bank_blood_bank_id FOREIGN KEY (blood_bank_id)
    REFERENCES blood_bank(blood_bank_id) ON DELETE RESTRICT ON UPDATE RESTRICT
)
ENGINE = INNODB
AUTO_INCREMENT = 1
CHARACTER SET utf8
COLLATE utf8_general_ci;

--
-- Definition for table hospitals_room
--
DROP TABLE IF EXISTS hospitals_room;
CREATE TABLE hospitals_room (
  hospital_id INT(11) NOT NULL,
  icu_aval VARCHAR(10) DEFAULT 'no',
  icu_quantity SMALLINT(6) DEFAULT 0,
  icu_rate SMALLINT(6) DEFAULT NULL,
  ccu_aval VARCHAR(10) DEFAULT 'no',
  ccu_quantity SMALLINT(6) DEFAULT 0,
  ccu_rate SMALLINT(6) DEFAULT NULL,
  single_aval VARCHAR(10) DEFAULT 'no',
  single_quantity SMALLINT(6) DEFAULT 0,
  single_rate SMALLINT(6) DEFAULT NULL,
  share_aval VARCHAR(10) DEFAULT 'no',
  share_quantity SMALLINT(6) DEFAULT 0,
  share_rate SMALLINT(6) DEFAULT NULL,
  male_ward_aval VARCHAR(10) DEFAULT 'no',
  male_ward_quantity SMALLINT(6) DEFAULT 0,
  male_ward_rate SMALLINT(6) DEFAULT NULL,
  female_ward_aval VARCHAR(10) DEFAULT 'no',
  female_ward_quantity SMALLINT(6) DEFAULT 0,
  female_ward_rate SMALLINT(6) DEFAULT NULL,
  icu_remaining SMALLINT(6) DEFAULT 0,
  ccu_remaining SMALLINT(6) DEFAULT 0,
  single_remaining SMALLINT(6) DEFAULT 0,
  share_remaining SMALLINT(6) DEFAULT 0,
  male_ward_remaining SMALLINT(6) DEFAULT 0,
  female_ward_remaining SMALLINT(6) DEFAULT 0,
  CONSTRAINT FK_hospitals_room_hospital_hospital_id FOREIGN KEY (hospital_id)
    REFERENCES hospital(hospital_id) ON DELETE RESTRICT ON UPDATE RESTRICT
)
ENGINE = INNODB
AVG_ROW_LENGTH = 16384
CHARACTER SET utf8
COLLATE utf8_general_ci;

--
-- Definition for table rating
--
DROP TABLE IF EXISTS rating;
CREATE TABLE rating (
  rating_id INT(11) NOT NULL,
  userid INT(11) NOT NULL,
  hospital_id INT(11) NOT NULL,
  text TEXT DEFAULT NULL,
  stars VARCHAR(25) DEFAULT NULL,
  PRIMARY KEY (rating_id, userid, hospital_id),
  CONSTRAINT FK_Rating_hospital_hospital_id FOREIGN KEY (hospital_id)
    REFERENCES hospital(hospital_id) ON DELETE RESTRICT ON UPDATE RESTRICT,
  CONSTRAINT FK_Rating_user_userid FOREIGN KEY (userid)
    REFERENCES user(userid) ON DELETE RESTRICT ON UPDATE RESTRICT
)
ENGINE = INNODB
CHARACTER SET utf8
COLLATE utf8_general_ci;

--
-- Definition for table schedule
--
DROP TABLE IF EXISTS schedule;
CREATE TABLE schedule (
  schedule_id INT(11) NOT NULL AUTO_INCREMENT,
  doctor_id INT(11) NOT NULL,
  hospital_id INT(11) NOT NULL,
  doctor_contact VARCHAR(25) DEFAULT NULL,
  doctor_asst_contact VARCHAR(25) DEFAULT NULL,
  fee VARCHAR(25) DEFAULT NULL,
  will_join VARCHAR(50) DEFAULT NULL,
  room VARCHAR(50) DEFAULT NULL,
  availability VARCHAR(25) DEFAULT 'yes',
  sat_aval VARCHAR(25) DEFAULT NULL,
  sat_from VARCHAR(25) DEFAULT NULL,
  sat_to VARCHAR(25) DEFAULT NULL,
  sat_max INT(11) DEFAULT NULL,
  sun_aval VARCHAR(25) DEFAULT NULL,
  sun_from VARCHAR(25) DEFAULT NULL,
  sun_to VARCHAR(25) DEFAULT NULL,
  sun_max INT(11) DEFAULT NULL,
  mon_aval VARCHAR(25) DEFAULT NULL,
  mon_from VARCHAR(25) DEFAULT NULL,
  mon_to VARCHAR(25) DEFAULT NULL,
  mon_max INT(11) DEFAULT NULL,
  tues_aval VARCHAR(25) DEFAULT NULL,
  tues_from VARCHAR(25) DEFAULT NULL,
  tues_to VARCHAR(25) DEFAULT NULL,
  tues_max INT(11) DEFAULT NULL,
  wed_aval VARCHAR(25) DEFAULT NULL,
  wed_from VARCHAR(25) DEFAULT NULL,
  wed_to VARCHAR(25) DEFAULT NULL,
  wed_max INT(11) DEFAULT NULL,
  thur_aval VARCHAR(25) DEFAULT NULL,
  thur_from VARCHAR(25) DEFAULT NULL,
  thur_to VARCHAR(25) DEFAULT NULL,
  thur_max INT(11) DEFAULT NULL,
  fri_aval VARCHAR(25) DEFAULT NULL,
  fri_from VARCHAR(25) DEFAULT NULL,
  fri_to VARCHAR(25) DEFAULT NULL,
  fri_max INT(11) DEFAULT NULL,
  PRIMARY KEY (doctor_id, hospital_id),
  UNIQUE INDEX UK_schedule_schedule_id (schedule_id),
  CONSTRAINT FK_schedule_doctor_doctor_id FOREIGN KEY (doctor_id)
    REFERENCES doctor(doctor_id) ON DELETE RESTRICT ON UPDATE RESTRICT,
  CONSTRAINT FK_schedule_hospital_hospital_id FOREIGN KEY (hospital_id)
    REFERENCES hospital(hospital_id) ON DELETE RESTRICT ON UPDATE RESTRICT
)
ENGINE = INNODB
AUTO_INCREMENT = 23
AVG_ROW_LENGTH = 1260
CHARACTER SET utf8
COLLATE utf8_general_ci;

--
-- Definition for table stock
--
DROP TABLE IF EXISTS stock;
CREATE TABLE stock (
  bank_id INT(11) DEFAULT NULL,
  `O+ max` SMALLINT(6) DEFAULT NULL,
  `O+ value` SMALLINT(6) DEFAULT NULL,
  `O+ low` SMALLINT(6) DEFAULT NULL,
  `O+ optimum` SMALLINT(6) DEFAULT NULL,
  `O- max` SMALLINT(6) DEFAULT NULL,
  `O- value` SMALLINT(6) DEFAULT NULL,
  `O- low` SMALLINT(6) DEFAULT NULL,
  `O- optimum` SMALLINT(6) DEFAULT NULL,
  `A+ max` SMALLINT(6) DEFAULT NULL,
  `A+ value` SMALLINT(6) DEFAULT NULL,
  `A+ low` SMALLINT(6) DEFAULT NULL,
  `A+ optimum` SMALLINT(6) DEFAULT NULL,
  `A- max` SMALLINT(6) DEFAULT NULL,
  `A- value` SMALLINT(6) DEFAULT NULL,
  `A- low` SMALLINT(6) DEFAULT NULL,
  `A- optimum` SMALLINT(6) DEFAULT NULL,
  `B+ max` SMALLINT(6) DEFAULT NULL,
  `B+ value` SMALLINT(6) DEFAULT NULL,
  `B+ low` SMALLINT(6) DEFAULT NULL,
  `B+ optimum` SMALLINT(6) DEFAULT NULL,
  `B- max` SMALLINT(6) DEFAULT NULL,
  `B- value` SMALLINT(6) DEFAULT NULL,
  `B- low` SMALLINT(6) DEFAULT NULL,
  `B- optimum` SMALLINT(6) DEFAULT NULL,
  `AB+ max` SMALLINT(6) DEFAULT NULL,
  `AB+ value` SMALLINT(6) DEFAULT NULL,
  `AB+ low` SMALLINT(6) DEFAULT NULL,
  `AB+ optimum` SMALLINT(6) DEFAULT NULL,
  `AB- max` SMALLINT(6) DEFAULT NULL,
  `AB- value` SMALLINT(6) DEFAULT NULL,
  `AB- low` SMALLINT(6) DEFAULT NULL,
  `AB- optimum` SMALLINT(6) DEFAULT NULL,
  CONSTRAINT FK_stock_blood_bank_blood_bank_id FOREIGN KEY (bank_id)
    REFERENCES blood_bank(blood_bank_id) ON DELETE RESTRICT ON UPDATE RESTRICT
)
ENGINE = INNODB
CHARACTER SET utf8
COLLATE utf8_general_ci;

--
-- Definition for table appointment
--
DROP TABLE IF EXISTS appointment;
CREATE TABLE appointment (
  appoint_id BIGINT(20) NOT NULL,
  schedule_id INT(11) NOT NULL,
  userid INT(11) NOT NULL,
  patient_name VARCHAR(30) DEFAULT NULL,
  day_of_appointment DATE DEFAULT NULL,
  time_of_creation TIMESTAMP NOT NULL DEFAULT CURRENT_TIMESTAMP,
  dob DATE DEFAULT NULL,
  contact VARCHAR(20) DEFAULT NULL,
  asthma VARCHAR(10) DEFAULT NULL,
  cardiac_failure VARCHAR(10) DEFAULT NULL,
  kidney_disease VARCHAR(10) DEFAULT NULL,
  diabetes VARCHAR(10) DEFAULT NULL,
  hyperlipidaemia VARCHAR(10) DEFAULT NULL,
  hypertension VARCHAR(10) DEFAULT NULL,
  serial SMALLINT(6) DEFAULT NULL,
  PRIMARY KEY (appoint_id),
  CONSTRAINT FK_appointment_schedule_schedule_id FOREIGN KEY (schedule_id)
    REFERENCES schedule(schedule_id) ON DELETE RESTRICT ON UPDATE RESTRICT,
  CONSTRAINT FK_appointment_user_userid FOREIGN KEY (userid)
    REFERENCES user(userid) ON DELETE RESTRICT ON UPDATE RESTRICT
)
ENGINE = INNODB
AVG_ROW_LENGTH = 1820
CHARACTER SET utf8
COLLATE utf8_general_ci;

-- 
-- Dumping data for table admin
--
INSERT INTO admin VALUES
(1, 'Mr. Y', 'abc', '123', '019XXXXXXXXX', 'hospital'),
(2, 'Mr.X', 'abcd', '123', '018XXXXXXXXX', 'hospital'),
(3, 'Mr. A', 'a@gmail.com', '12345', '018XXXXXXXXX', 'hospital'),
(4, 'Mr. B', 'b@live.com', '12345', '016xxxxxxxx', 'bb');

-- 
-- Dumping data for table district
--
INSERT INTO district VALUES
(1, 'Dhaka'),
(2, 'Chittagong'),
(3, 'Sylhet'),
(4, 'Rajshahi');

-- 
-- Dumping data for table doctor
--
INSERT INTO doctor VALUES
(1, 'Dr. M.S. Khaled', 'Pediatric and Neonatology', 'MBBS, DCH, MD-Pediatrics (BSMMU), FCCP(USA)', '1.jpg', 'Male', '018XXXXX', NULL),
(2, 'Prof. Dr. Maliha Hakim', 'Neurology', 'MBBS, MD (Neurology)', 'd2.jpg', 'Female', '019XXXXX', '500'),
(3, 'Brig.Gen. (Rtd) Prof.Dr.Md.Abdul Alim', 'Medicine', 'MBBS (Dhaka), FCPS (Medicine), FACP (USA), FRCP (Glasgow), Senior Fellowship (Singapore)', NULL, 'Male', '017XXXXX', '600'),
(4, 'Dr. Md. Iqbal Hossain', 'Medicine', 'MBBS (DMC), BCS (Health), MCPS (Medicine), FCPS (Medicine)', NULL, NULL, NULL, NULL),
(5, 'Dr. Md. Motlabur Rahman', 'Medicine', 'MBBS (Gold Medalist, Dhaka Medical College), FCPS (Medicine), MD (Cardiology)', NULL, NULL, NULL, NULL),
(6, 'Dr. K. M. Mamun Murshed', 'ENT ( Ear,Nose &Throat)', 'MBBS, PGDND, DLO', NULL, NULL, NULL, NULL),
(7, 'Dr.Md.Mukitul Huda', 'Oncology', 'MBBS, Mphil, FCPS Fellow, National Cancer Centre, Singapore Trained in national University Hospital, Singapore Trained in SGPGIMS, Lucknow, India', NULL, NULL, NULL, NULL),
(8, 'Dr. Lutfor Rahman', 'Cardiac Surgery', 'MBBS, MS (CTS)', NULL, 'Male', NULL, NULL),
(9, 'Dr. Dre', 'Cardiologist', 'MBBS, FCPS', '', 'Male', '018XXXXXX', NULL),
(10, 'Dr. Mahbub Alam', 'Medicine', 'MBBS,FCPS', '', 'Male', '', ''),
(12, 'Dr. ABC', 'Cardiologist', 'MBBS,FCPS,MCPS', '', 'Male', '019XXXXXXXX', '800'),
(13, 'Dr. Tom', 'Dentist', 'MBBS', '13.png', 'Male', '019XXXXXXXX', '600'),
(14, 'Dr. Ali', 'Dentist', 'MBBS', '14.gif', 'Male', '01234567890', '500');

-- 
-- Dumping data for table user
--
INSERT INTO user VALUES
(29, 'Gazi', 'Fakhrul', 'gfi@gmail.com', '01234567890', '$2y$10$aWTK5qnlq6zIndcHkEiwOu9aTb/nP/j9A2wSW7ZFjYfB1f60QYpO6', '29.png'),
(30, 'ABC', 'ABC', 'abc', '12345678901', '$2y$10$CxTtUO2o/8s342w5UelaqeD1gid/6aRbyT0PU3buFJd0NMu4lxQfG', '30.png'),
(31, 'Kamal', 'Jamal', 'kamal@gmail.com', '01234567890', '12345', NULL),
(32, 'Rahim', 'karim', 'k@gmail.com', '01234567890', '$2y$10$AS2mk.EFTOQlfU2ThyHd/unle3xOA8/LFLM1jk4HXGxl1qiLsnu8q', NULL),
(33, 'karim', 'rahim', 'rahim@gmail.com', '01234567890', '$2y$10$JoQ3RS8x8LbTA7VDPJzeUeeCcxBm8OG68ed8fvqkgurRy2kdQbYwy', NULL),
(34, 'ABC', 'DEF', 'a@gmail.com', '12345678901', '$2y$10$xxgdzGuconVEu5z.G8YnUOl.6VBcOawCSt/xDTEeI0zSMqojdo7li', NULL),
(35, 'kowshik', 'chinmoy', 'kowshikchinmoy@gmail.com', '01420420420', '$2y$10$PvwnGmcjbFpdQDcW12NuH.WFXl0mQFzyT59ESTWqzAErWEaamrGd.', '35.png'),
(36, 'Ayesha', 'sharmin', 'ayesharmin@gmail.com', '01420420420', '$2y$10$u9aMLVHANUFEEXH7ViODkudhr/9xSVSXlqn3Vum471jBkDogakoSG', NULL),
(37, 'gazi', 'fakhrul', 'gazi@gmail.com', '01420420420', '123', NULL);

-- 
-- Dumping data for table blood_bank
--
INSERT INTO blood_bank VALUES
(1, 2, 'Quantum Blood Bank', '10/A Farmgate,Dhaka', '02-9XXXXXXX, Fax-0120XXXXX', 'q@yahoo.com', NULL, NULL, NULL, NULL, NULL, NULL, NULL, NULL),
(2, 4, 'ABC Blood Bank', 'Shahbag,Dhaka-1206', 'abc@gmail.com', '02-9XXXXXXX, Fax-0160XXXXX', NULL, NULL, NULL, NULL, NULL, NULL, NULL, NULL);

-- 
-- Dumping data for table donor
--
INSERT INTO donor VALUES
(1, 29, '1994-06-25', 'B+', 'Dhaka', '2017-10-29', 'Old Dhaka', 0.000000, NULL),
(2, 30, '1992-02-01', 'AB-', 'Dhaka', '2017-05-13', 'Pallabi', 0.000000, 0.000000),
(3, 31, '1997-12-29', 'O+', 'Dhaka', '2017-12-19', 'Mirpur', 0.000000, NULL),
(4, 32, '1999-01-01', 'O+', 'Dhaka', '2017-05-02', 'Mirpur', 0.000000, NULL),
(5, 33, '1990-01-01', 'A+', 'Dhaka', '2017-05-02', 'Tejgaon', 0.000000, NULL),
(6, 34, '1990-01-01', 'B+', 'Tangail', '2017-05-02', 'Ramna', 0.000000, NULL),
(10, 35, '1990-12-11', 'B-', 'Dhaka', '2017-08-23', 'Tejgaon', 0.000000, 0.000000);

-- 
-- Dumping data for table hospital
--
INSERT INTO hospital VALUES
(1, 1, 'ABC Hospital BD', 'Mirpur-02, Dhaka-1216', 'Pediatric', 'ABC', '018XXXXXXXX,02-900000 Ext-5', '99XXXXXXXXX', '880XXXXXXXXX', 'mothercare@gmail.com', NULL, NULL),
(2, 2, 'Delta Hospital ', 'Technical Road, Dhaka', 'ENT', 'Central Hospital is a ......', '019xxxxx', '0191321', 'XXXXXX', 'X@gmail.com', NULL, NULL);

-- 
-- Dumping data for table subdistrict_thana
--
INSERT INTO subdistrict_thana VALUES
(1, 'Mirpur'),
(1, 'Dhanmondi'),
(1, 'Tejgaon'),
(3, 'Kodomtoli'),
(1, 'Uttara'),
(1, 'Pallabi'),
(1, 'Ramna');

-- 
-- Dumping data for table booking
--
INSERT INTO booking VALUES
(1, 37, 1, 'ABC', '35', 'ICU', '019xXX', '2017-12-13 07:39:05', NULL, 'New Request'),
(2, 37, 1, 'Akib', '30', 'CCU', '018XXXX', '2017-12-13 16:39:39', NULL, 'New Request'),
(3, 37, 1, 'abc', '50', 'ICU', '017XXXXXX', '2017-12-13 16:41:09', NULL, 'Booked'),
(5, 30, 1, 'Mr. ABC', '29', 'ICU', '019XXXXXXX', '2017-12-14 01:06:56', 'Shifting to your hospital for ............', 'New Request'),
(6, 30, 1, 'abc', '25', 'CCU', '019XXXXXXX', '2017-12-18 12:39:30', 'blood pressr', 'New Request');

-- 
-- Dumping data for table event
--

-- Table project.event does not contain any data (it is empty)

-- 
-- Dumping data for table hospitals_room
--
INSERT INTO hospitals_room VALUES
(1, 'yes', 5, 10000, 'yes', 4, 8000, 'yes', 10, 2500, 'yes', 6, 1200, 'yes', 25, 700, 'no', 0, 0, 4, 5, 10, 6, 25, 20);

-- 
-- Dumping data for table rating
--

-- Table project.rating does not contain any data (it is empty)

-- 
-- Dumping data for table schedule
--
INSERT INTO schedule VALUES
(9, 1, 1, '019XXXX', '018XXXX', '500', NULL, NULL, 'yes', 'yes', '19:00', '21:00', 30, 'yes', '19:00', '21:00', 5, 'yes', '20:00', '21:00', 15, 'yes', '12:30', '15:00', 30, 'yes', '19:00', '21:00', 30, 'no', '', '', 0, 'no', '', '', 0),
(10, 2, 1, '019XXXXX', '017XXXX', '400', '2017-12-25', '205', 'no', 'yes', '19:00', '22:00', 40, 'no', '', '', 0, 'yes', '20:00', '22:00', 25, 'no', '', '', 0, 'no', '', '', 0, 'no', '', '', 0, 'no', '', '', 0),
(11, 3, 1, '017XXXXX', '019XXXX', '600', NULL, '2014', 'yes', 'yes', '12:00', '14:00', 20, 'no', '', '', 0, 'no', '', '', 0, 'no', '', '', 0, 'no', '', '', 0, 'no', '', '', 0, 'no', '', '', 0),
(16, 4, 1, '018XXXXXXXX', '019XXXXXX', '500', '', '2005', 'yes', 'yes', '20:00', '22:00', 25, 'no', '', '', 0, 'no', '', '', 0, 'no', '', '', 0, 'yes', '18:00', '21:00', 40, 'no', '', '', 0, 'no', '', '', 0),
(3, 5, 1, '018XXXXXXXX', '019XXXXXXXX', '1211', '', '5001', 'no', 'no', '', '', 0, 'no', '', '', 0, 'no', '', '', 0, 'no', '', '', 0, 'no', '', '', 0, 'no', '', '', 0, 'no', '', '', 0),
(8, 6, 1, '0181111', '018121', '800', '', '1001', 'yes', 'yes', '12:00', '14:00', 20, 'no', '', '', 0, 'no', '', '', 0, 'no', '', '', 0, 'no', '', '', 0, 'no', '', '', 0, 'no', '', '', 0),
(5, 8, 1, '019XXXXX', '019XXXXXX', '800', '', '2A70', 'no', 'no', '', '', 0, 'no', '', '', 0, 'no', '', '', 0, 'no', '', '', 0, 'no', '', '', 0, 'no', '', '', 0, 'no', '', '', 0),
(4, 8, 2, NULL, NULL, NULL, NULL, NULL, NULL, NULL, NULL, NULL, NULL, NULL, NULL, NULL, NULL, NULL, NULL, NULL, NULL, NULL, NULL, NULL, NULL, NULL, NULL, NULL, NULL, NULL, NULL, NULL, NULL, NULL, NULL, NULL, NULL),
(22, 9, 1, '018XXXXXX', '01988888', '1000', '', '3001', 'yes', 'yes', '20:00', '22:00', 15, 'no', '', '', 0, 'no', '', '', 0, 'yes', '18:00', '21:00', 25, 'no', '', '', 0, 'no', '', '', 0, 'no', '', '', 0),
(17, 10, 1, '018XXXXXXXX', '018121', '500', '', '1006', 'yes', 'yes', '18:00', '20:00', 30, 'no', '', '', 0, 'no', '', '', 0, 'no', '', '', 0, 'no', '', '', 0, 'no', '', '', 0, 'no', '', '', 0),
(19, 12, 1, '019XXXXXXXX', '019XXXXX', '800', '', '', 'no', 'no', '', '', 0, 'no', '', '', 0, 'no', '', '', 0, 'no', '', '', 0, 'no', '', '', 0, 'no', '', '', 0, 'no', '', '', 0),
(20, 13, 1, '019XXXXXXXX', '018XXXXXX', '800', '', '3001', 'yes', 'yes', '18:00', '20:00', 25, 'no', '', '', 0, 'no', '', '', 0, 'no', '', '', 0, 'no', '', '', 0, 'no', '', '', 0, 'no', '', '', 0),
(21, 14, 1, '01234567890', '019XXXXXXXX', '1000', NULL, '2A05', 'yes', 'yes', '20:00', '22:00', 25, 'no', '', '', 0, 'no', '', '', 0, 'no', '', '', 0, 'no', '', '', 0, 'no', '', '', 0, 'yes', '19:00', '22:00', 35);

-- 
-- Dumping data for table stock
--
INSERT INTO stock VALUES
(1, NULL, NULL, NULL, NULL, NULL, NULL, NULL, NULL, NULL, NULL, NULL, NULL, NULL, NULL, NULL, NULL, NULL, NULL, NULL, NULL, NULL, NULL, NULL, NULL, NULL, NULL, NULL, NULL, NULL, NULL, NULL, NULL);

-- 
-- Dumping data for table appointment
--
INSERT INTO appointment VALUES
(17122091, 9, 31, 'Jamal', '2017-12-20', '2017-12-04 01:13:09', '2012-08-16', NULL, NULL, NULL, NULL, NULL, NULL, NULL, 1),
(17122491, 9, 29, 'Kamal', '2017-12-24', '2017-12-03 02:12:57', '1996-01-01', NULL, NULL, NULL, NULL, NULL, NULL, NULL, 1),
(17122492, 9, 31, 'salman', '2017-12-24', '2017-12-03 02:14:53', '2014-12-25', NULL, NULL, NULL, NULL, NULL, NULL, NULL, 2),
(17122493, 9, 34, 'tom', '2017-12-24', '2017-12-03 02:17:06', '2011-09-15', NULL, NULL, NULL, NULL, NULL, NULL, NULL, 3),
(17122494, 9, 30, 'ABC ABC', '2017-12-24', '2017-12-05 02:27:20', '2017-08-16', '12345678901', 'yes', 'yes', 'yes', 'yes', 'no', 'no', 4),
(17122691, 9, 34, 'leo', '2017-12-26', '2017-12-04 01:43:27', '2002-03-21', NULL, NULL, NULL, NULL, NULL, NULL, NULL, 1),
(17122791, 9, 30, 'ABC ABC', '2017-12-27', '2017-12-18 23:38:28', '1990-12-31', '12345678901', 'no', 'no', 'no', 'no', 'no', 'no', 1),
(171216211, 21, 30, 'ABC ABC', '2017-12-16', '2017-12-10 15:35:47', '2015-09-16', '12345678901', 'no', 'yes', 'no', 'yes', 'no', 'no', 1),
(171227161, 16, 34, 'akib', '2017-12-27', '2017-12-05 14:01:26', '2012-09-26', NULL, NULL, NULL, NULL, NULL, NULL, NULL, 1);

-- 
-- Restore previous SQL mode
-- 
/*!40101 SET SQL_MODE=@OLD_SQL_MODE */;

-- 
-- Enable foreign keys
-- 
/*!40014 SET FOREIGN_KEY_CHECKS=@OLD_FOREIGN_KEY_CHECKS */;